name,country
Mahsa Abdolzadeh,Austria
Claudia Arpa,Austria
Christine Aschbacher,Austria
Gertrude Aubauer,Austria
Claudia Bandion-Ortner,Austria
Dagmar Belakowitsch-Jenewein,Austria
Brigitte Bierlein,Austria
Juliane Bogner-Strauß,Austria
Doris Bures,Austria
Gabi Burgstaller,Austria
Heidemarie Cammerlander,Austria
Traude Dierdorf,Austria
Muna Duzdar,Austria
Rosa Ecker,Austria
Andrea Eder-Gitschthaler,Austria
Karoline Edtstadler,Austria
Maria Fekter,Austria
Monika Forstinger,Austria
Elisabeth Gehrer,Austria
Leonore Gewessler,Austria
Eva Glawischnig-Piesczek,Austria
Silvia Grünberger,Austria
Valerie Hackl,Austria
Theresia Haidlmayr,Austria
Sonja Hammerschmid,Austria
Beate Hartinger-Klein,Austria
Hilde Hawlicek,Austria
Birgit Hebein,Austria
Gabriele Heinisch-Hosek,Austria
Julia Herr,Austria
Carmen Jeitler-Cincelli,Austria
Elke Kahr,Austria
Sophie Karmasin,Austria
Andrea Kdolsky,Austria
Andrea Klambauer,Austria
Karin Kneissl,Austria
Elisabeth Köstinger,Austria
Christa Krammer,Austria
Stephanie Krisper,Austria
Vera Lischka,Austria
Christine Marek,Austria
Sigrid Maurer,Austria
Beate Meinl-Reisinger,Austria
Johanna Mikl-Leitner,Austria
Edith Mühlberghuber,Austria
Theresa Muigg,Austria
Sabine Oberhauser,Austria
Maria Patek,Austria
Madeleine Petrovic,Austria
Olga Pircher,Austria
Ursula Plassnik,Austria
Inge Posch-Gruska,Austria
Barbara Prammer,Austria
Johanna Priglinger,Austria
Liese Prokop,Austria
Susanne Raab,Austria
Maria Rauch-Kallat,Austria
Bettina Rausch,Austria
Iris Rauskala,Austria
Pamela Rendi-Wagner,Austria
Susanne Riess,Austria
Barbara Rosenkranz,Austria
Martina Rüscher,Austria
Greti Schmid,Austria
Heide Schmidt,Austria
Claudia Schmied,Austria
Margarete Schramböck,Austria
Christine Schwarz-Fuchs,Austria
Judith Schwentner,Austria
Elisabeth Sickl,Austria
Heidrun Silhavy,Austria
Petra Steger,Austria
Maria Stern (singer-songwriter),Austria
Ines Stilling,Austria
Klaudia Tanner,Austria
Elisabeth Udolf-Strobl,Austria
Bettina Vollath,Austria
Eva Maria Waibel,Austria
Ulla Weigerstorfer,Austria
Hilde Zach,Austria
Alma Zadić,Austria
Brigitte Zarfl,Austria
Antonia Albert,Austria
Barbara Wolfgang-Krenn,Austria
Carmen Jeitler-Cincelli,Austria
Ingeborg Hochmair,Austria
Monika Forstinger,Austria
Monisha Kaltenborn,Austria
Nadja Swarovski,Austria
Sonja Kohn,Austria
Sofie Quidenus-Wahlforss,Austria
Valerie Hackl,Austria
Antonia Albert,Belgium
Annemie Vanackere,Belgium
Barbara Wolfgang-Krenn,Belgium
Carmen Jeitler-Cincelli,Belgium
Dora van der Groen,Belgium
Francine Swiggers,Belgium
Ingeborg Hochmair,Belgium
Mieke Offeciers,Belgium
Monika Forstinger,Belgium
Monisha Kaltenborn,Belgium
Myriam Ullens,Belgium
Nadja Swarovski,Belgium
Saskia Van Uffelen,Belgium
Sonja Kohn,Belgium
Sofie Quidenus-Wahlforss,Belgium
Tine Van Aerschot,Belgium
Valerie Hackl,Belgium
Nabilla Ait Daoud,Belgium
Meyrem Almaci,Belgium
Antonia Albert,Belgium
Annemie Vanackere,Belgium
Anne Barzin,Belgium
Sonja Becq,Belgium
Rita Bellens,Belgium
Nicole Nketo Bomele,Belgium
Freya Van den Bossche,Belgium
Sfia Bouarfa,Belgium
Juliette Boulet,Belgium
Eva Brems,Belgium
Colette Burgeon,Belgium
Véronique Caprasse,Belgium
Vera Celis,Belgium
Alexandra Colen,Belgium
Cathy Coudyser,Belgium
Stephanie D'Hose,Belgium
Barbara d'Ursel de Lobkowicz,Belgium
Sabine de Bethune,Belgium
Maggie De Block,Belgium
Rita De Bont,Belgium
Inez De Coninck,Belgium
Monica De Coninck,Belgium
Magda De Galan,Belgium
Ariane de Lobkowicz-d'Ursel,Belgium
Ingeborg De Meulemeester,Belgium
Nicole de Moor,Belgium
Annick De Ridder,Belgium
Minneke De Ridder,Belgium
Petra de Sutter,Belgium
Sophie De Wit,Belgium
Ludivine Dedonder,Belgium
Christine Defraigne,Belgium
Zuhal Demir,Belgium
Els Demol,Belgium
Kathleen Depoorter,Belgium
Melissa Depraetere,Belgium
Leona Detiège,Belgium
Maya Detiège,Belgium
Philippine Dhanis,Belgium
Vera Dua,Belgium
Daphné Dumery,Belgium
Tine Eerlingen,Belgium
Inge Faes,Belgium
Julie Fernandez-Fernandez,Belgium
Catherine Fonck,Belgium
Cindy Franssen,Belgium
Jacqueline Galant,Belgium
Caroline Gennez,Belgium
Frieda Gijbels,Belgium
Danielle Godderis-T'Jonck,Belgium
Sigrid Goethals,Belgium
Karolien Grosemans,Belgium
An Hermans,Belgium
Liesbeth Homans,Belgium
Katrien Houtmeyers,Belgium
Yngvild Ingels,Belgium
Cécile Jodogne,Belgium
Sofie Joosen,Belgium
Sihame El Kaouakibi,Belgium
Joëlle Kapompolé,Belgium
Zakia Khattabi,Belgium
Meryame Kitir,Belgium
Stéphanie Koplowicz,Belgium
Kathleen Krekels,Belgium
Karine Lalieux,Belgium
Marie-José Laloy,Belgium
Nahima Lanjri,Belgium
Sabine Laruelle,Belgium
Marie-Colline Leroy,Belgium
Ingrid Lieten,Belgium
Lieve Maes,Belgium
Marie-Christine Marghem,Belgium
Vanessa Matz,Belgium
Joëlle Milquet,Belgium
Fientje Moerman,Belgium
Marie-Rose Morel,Belgium
Anne-Sylvie Mouzon,Belgium
Laurette Onkelinx,Belgium
Mahinur Özdemir Göktaş,Belgium
Barbara Pas,Belgium
Freya Piryns,Belgium
Sabine Poleyn,Belgium
Florence Reuter,Belgium
Elke Roex,Belgium
Gwendolyn Rutten,Belgium
Hélène Ryckmans,Belgium
Joke Schauvliege,Belgium
Françoise Schepmans,Belgium
Sarah Schlitz,Belgium
Isabelle Simonis,Belgium
Elke Sleurs,Belgium
Sarah Smeyers,Belgium
Nadia Sminate,Belgium
Antoinette Spaak,Belgium
Martine Taelman,Belgium
Annabel Tavernier,Belgium
Marleen Temmerman,Belgium
Erika Thijs,Belgium
Dominique Tilmans,Belgium
Annemie Turtelboom,Belgium
Ilse Uyttersprot,Belgium
Christine Van Broeckhoven,Belgium
Yoleen Van Camp,Belgium
Carina Van Cauter,Belgium
Tinne Van der Straeten,Belgium
Tine van der Vloet,Belgium
Anke Van dermeersch,Belgium
Miranda Van Eetvelde,Belgium
Reinilde Van Moer,Belgium
Valerie Van Peel,Belgium
Frieda Van Themsche,Belgium
Kristien Van Vaerenbergh,Belgium
Manuela Van Werde,Belgium
Marleen Vanderpoorten,Belgium
Ann Vanheste,Belgium
Myriam Vanlerberghe,Belgium
Patsy Vatlet,Belgium
Katja Verheyen,Belgium
Annelies Verlinden,Belgium
Goedele Vermeiren,Belgium
Inge Vervotte,Belgium
Christiane Vienne,Belgium
Maria Vindevoghel,Belgium
Linda Vissers,Belgium
Mieke Vogels,Belgium
Ulla Werbrouck,Belgium
Isabelle Weykmans,Belgium
Monique Willocq,Belgium
Sophie Wilmès,Belgium
Veerle Wouters,Belgium
Delphine Arnault,France
Catherine Barba,France
Patricia Barbizet,France
Michèle Bellon,France
Sophie Bellon,France
Liliane Bettencourt,France
Faiza Bouguessa,France
Anne Bouverot,France
Georgina Brandolini d'Adda,France
Virginie Calmels,France
Anne-Marie Couderc,France
Mercedes Erra,France
Geneviève de Fontenay,France
Isabelle Gallimard,France
Clara Gaymard,France
Olivia Giacobetti,France
Josephine Goube,France
Cathy Guetta,France
Odile Jacob,France
Bouchra Jarrar,France
Alexia Laroche-Joubert,France
Anne Lauvergeon,France
Géraldine Le Meur,France
Martine Liautaud,France
Cherifa Linossier,France
Josette Londé,France
Aydha Mehnaz,France
Léone-Noëlle Meyer,France
Virginie Morgon,France
Véronique Newland,France
Danièle Nouy,France
Amélie Oudéa-Castéra,France
Laurence Parisot,France
Marie-Hélène Peugeot-Roncoroni,France
Maria Luisa Poumaillou,France
Évelyne Prouvost,France
Bénédicte de Raphélis Soissan,France
Dominique Reiniche,France
Ariane de Rothschild,France
Agathe Rousselle,France
Marie-Laure Sauty de Chalon,France
Sophia Metz,France
Pascale Sourisse,France
Tania de Bourbon Parme,France
Sylvie Tellier,France
Joanna Truffaut,France
Claire Vallée,France
Corinne Vigreux,France
Lamia El Aaraje,France
Caroline Abadie,France
Bérangère Abba,France
Rima Abdul Malak,France
Nadège Abomangoli,France
Patricia Adam,France
Sabrina Agresti-Roubache,France
Leila Aïchi,France
Christine Albanel,France
Jacqueline Alduy,France
Ramlati Ali,France
Aude Amadou,France
Catherine Amalric,France
Fadela Amara,France
Nicole Ameline,France
Marie-Hélène Amiable,France
Ségolène Amiot,France
Farida Amrani,France
Sylvie Andrieux,France
Emmanuelle Anthoine,France
Edwige Antier,France
Cathy Apourceau-Poly,France
Nathalie Appéré,France
Laurence Arribagé,France
Christine Arrighi,France
Viviane Artigalas,France
Éliane Assassi,France
Stéphanie Atger,France
Isabelle Attard,France
Manon Aubry,France
Martine Aubry,France
Édith Audibert,France
Martine Aurillac,France
Clémentine Autain,France
Bénédicte Auzanot,France
Laetitia Avia,France
Audrey Azoulay,France
,France
Anne-Laure Babault,France
,France
Sonia Backès,France
,France
Delphine Bagarry,France
,France
Françoise Ballet-Blu,France
,France
Géraldine Bannier,France
,France
Catherine Barbaroux,France
,France
Brigitte Barèges,France
,France
Ericka Bareigts,France
,France
Jeanne Barseghian,France
,France
Nathalie Bassire,France
,France
Sylvia Bassot,France
,France
Delphine Batho,France
,France
Marie-Noëlle Battistel,France
,France
Valérie Bazin-Malgras,France
,France
Marie-Claude Beaudeau,France
,France
Sophie Beaudouin-Hubière,France
,France
Marie-France Beaufils,France
,France
Bernadette Beauvais,France
,France
Valérie Beauvais,France
,France
Marie-Françoise Bechtel,France
,France
Aurélia Beigneux,France
,France
Béatrice Bellamy,France
,France
Huguette Bello,France
,France
Nicole Belloubet,France
,France
Lisa Belluco,France
,France
Esther Benbassa,France
,France
Justine Benin,France
,France
Fanta Berete,France
,France
Aurore Bergé,France
,France
Karine Berger,France
,France
Chantal Berthelot,France
,France
Martine Berthet,France
,France
Véronique Besse,France
,France
Barbara Bessot Ballot,France
,France
Annie Beustes,France
,France
Gisèle Biémouret,France
,France
Martine Billard,France
,France
Anne Blanc,France
,France
Sophie Blanc,France
,France
Marie-Christine Blandin,France
,France
Florence Blatrix-Contat,France
,France
Anne-Laure Blin,France
,France
Maryvonne Blondin,France
,France
Émilie Bonnivard,France
,France
Aude Bono-Vandorme,France
,France
Alexandra Borchio-Fontimp,France
,France
Josette Borel-Lincertin,France
,France
Élisabeth Borne,France
,France
Nicole Borvo,France
,France
Natacha Bouchart,France
,France
Sylvie Bouchet Bellecourt,France
,France
Claire Bouchet,France
,France
Jeannette Bougrab,France
,France
Marie-Odile Bouillé,France
,France
Monique Boulestin,France
,France
Brigitte Bourguignon,France
,France
Soumya Bourouaha,France
,France
Chantal Bourragué,France
,France
Danielle Bousquet,France
,France
Brigitte Bout,France
,France
Christine Boutin,France
,France
Kheira Bouziane-Laroussi,France
,France
Marie Bové,France
,France
Pascale Boyer,France
,France
Valérie Boyer,France
,France
Françoise Branget,France
,France
Yaël Braun-Pivet,France
,France
Maud Bregeon,France
,France
Marine Brenier,France
,France
Françoise Briand,France
,France
Maryvonne Briot,France
,France
Paulette Brisepierre,France
,France
Blandine Brocard,France
,France
Anne Brugnera,France
,France
Marie-Thérèse Bruguière,France
,France
Danielle Brulebois,France
,France
Charlotte Brun,France
,France
Chantal Brunel,France
,France
Anne-France Brunet,France
,France
Françoise Buffet,France
,France
Marie-George Buffet,France
,France
Carole Bureau-Bonnard,France
,France
Agnès Buzyn,France
,France
Céline Calvez,France
,France
Colette Capdevielle,France
,France
Émilie Cariou,France
,France
Éléonore Caroit,France
,France
Martine Carrillon-Couvreur,France
,France
Anne-Laure Cattelot,France
,France
Charlotte Caubel,France
,France
Caroline Cayeux,France
,France
Danièle Cazarian,France
,France
Samantha Cazebonne,France
,France
Émilie Chalas,France
,France
Jessica Chamba,France
,France
Isabelle Champmoreau,France
,France
Emilie Chandler,France
,France
Marie-Anne Chapdelaine,France
,France
Annie Chapelier,France
,France
Marine Charrette-Labadie,France
,France
Sylvie Charrière,France
,France
Fannette Charvier,France
,France
Sophia Chikirou,France
,France
Mireille Clapot,France
,France
Marie-Françoise Clergeau,France
,France
Christine Cloarec,France
,France
Sophie Cluzel,France
,France
Fabienne Colboc,France
,France
Caroline Colombier,France
,France
Catherine Colonna,France
,France
Geneviève Colot,France
,France
Anne-Marie Comparini,France
,France
Catherine Conconne,France
,France
Josiane Corneloup,France
,France
Emmanuelle Cosse,France
,France
Yolaine de Courson,France
,France
Annick Cousin,France
,France
Catherine Coutelle,France
,France
Roselle Cros,France
,France
Valentina Cross,France
,France
Michèle Crouzet,France
,France
Pascale Crozon,France
,France
Cécile Cukierman,France
,France
Christelle d'Intorni,France
,France
Nathalie Da Conceicao Carvalho,France
,France
Seybah Dagoma,France
Valérie Létard,France
Ingrid Levavasseur,France
Geneviève Levy,France
Cynthia Ligeard,France
Martine Lignières-Cassou,France
Monique Limon,France
Audrey Linkenheld,France
Hélène Lipietz,France
Brigitte Liso,France
Christine Loir,France
Nathalie Loiseau,France
Christiane Longère,France
Isabelle Lonvis-Rome,France
Marie-France Lorho,France
Gabrielle Louis-Carabin,France
Alexandra Louis,France
Véronique Louwagie,France
Monique Lubin,France
Priscillia Ludosky,France
Aude Luquet,France
Marie-Ange Magne,France
Lise Magnier,France
Laurence Maillart-Méhaignerie,France
Hermeline Malherbe-Laurent,France
Lucienne Malovry,France
Josette Manin,France
Manon Meunier,France
Jacqueline Maquet,France
Roxana Maracineanu,France
Marie-Lou Marcel,France
Marion Maréchal,France
Gilberte Marin-Moskovitz,France
Christine Marin,France
Muriel Marland-Militello,France
Élisabeth Marquet,France
Sandra Marsaud,France
Alexandra Martin (born 1968),France
Alexandra Martin (born 1976),France
Pascale Martin,France
Martine Martinel,France
Henriette Martinez,France
Michèle Martinez,France
Lydie Massard,France
Frédérique Massat,France
Hélène Masson-Maret,France
Alexandra Masson,France
Josiane Mathon-Poinat,France
Sereine Mauborgne,France
Marie-Antoinette Maupertuis,France
Marianne Maximi,France
Sandrine Mazetier,France
Nora Mebarek,France
Caroline Mécary,France
Graziella Melchior,France
Joëlle Mélin,France
Colette Mélot,France
Yaël Ménache,France
Emmanuelle Ménard,France
Marina Mesure,France
Sophie Métadier,France
Sophie Mette,France
Frédérique Meunier,France
Michelle Meunier,France
Marjolaine Meynier-Millefert,France
Monica Michel,France
Laure Miller,France
Karine Miot-Richard,France
Patricia Mirallès,France
Hélène Missoffe,France
Antoinette Montaigne,France
Amélie de Montchalin,France
Marie-Anne Montchamp,France
Christelle Morançais,France
Sandrine Mörch,France
Louise Morel,France
Élisabeth Moreno,France
Catherine Morin-Desailly,France
Florence Morlighem,France
Cendra Motin,France
Jacline Mouraud,France
Naïma Moutchou,France
Isabelle Muller-Quoy,France
Cécile Muschotti,France
Sibeth Ndiaye,France
Sylviane Noël,France
Françoise Nyssen,France
Delphine O,France
Danièle Obono,France
Marie-Renée Oget,France
Nelly Olin,France
Françoise Olivier-Coupeau,France
Maud Olivier,France
Claire O'Petit,France
Valérie Oppelt,France
Dominique Orliac,France
Anne d'Ornano,France
Monique Orphé,France
Catherine Osson,France
Safia Otokoré,France
Mireille Oudit,France
Nathalie Oziol,France
Aline Pailler,France
Bernadette Païx,France
Françoise de Panafieu,France
Jacqueline Panis,France
Agnès Pannier-Runacher,France
Sophie Panonacle,France
Mathilde Panot,France
Guylène Pantel,France
Monique Papon,France
Mathilde Paris,France
Zivka Park,France
Florence Parly,France
Caroline Parmentier,France
Isabelle Pasquet,France
Francesca Pasquini,France
Béatrice Pavy-Morançais,France
Anne-Marie Payet,France
Valérie Pécresse,France
Fleur Pellerin,France
Marie-Luce Penchard,France
Muriel Pénicaud,France
Anne-Laurence Petel,France
Bénédicte Pételle,France
Christelle Petex-Levet,France
Maud Petit,France
Valérie Petit,France
Sonia Petro,France
Annick Petrus,France
Annette Peulvast-Bergeal,France
Bénédicte Peyrol,France
Michèle Peyron,France
Sébastien Peytavie,France
Anna Pic,France
Hajasoa Vololona Picard,France
Sylvia Pinel,France
Martine Pinville,France
Christine Pirès-Beaune,France
Béatrice Piron,France
Claire Pitollat,France
Élisabeth Pochon,France
Marie Pochon,France
Brune Poirson,France
Bérengère Poletti,France
Lisette Pollet,France
Barbara Pompili,France
Josette Pons,France
Nathalie Porte,France
Josy Poueyto,France
Natalia Pouzyreff,France
Daphna Poznanski-Benhamou,France
Cécile Pozzo di Borgo,France
Sophie Primas,France
Catherine Procaccia,France
Florence Provendier,France
Christine Prunaud,France
Catherine Pujol,France
Audrey Pulvar,France
Catherine Quéré,France
Valérie Rabault,France
Monique Rabin,France
Cathy Racon-Bouzon,France
Isabelle Raimond-Pavero,France
Nadia Ramassamy,France
Angélique Ranc,France
Isabelle Rauch,France
Sandra Regol,France
Mereana Reid Arbelot,France
Muriel Ressiguier,France
Sylvie Retailleau,France
Cécile Rilhac,France
Juliana Rimane,France
Véronique Riotton,France
Stéphanie Rist,France
Michèle Rivasi,France
Marie-Pierre Rixain,France
Laurence Robert-Dehault,France
Mireille Robert,France
Chantal Robin-Rodrigo,France
Sylvie Robineau,France
Marie-Josée Roig,France
Johanna Rolland,France
Barbara Romagnan,France
Muriel Roques-Étienne,France
Laurianne Rossi,France
Laurence Rossignol,France
Claudia Rouaux,France
Yvette Roudy,France
Béatrice Roullaud,France
Sandrine Rousseau,France
Ségolène Royal,France
Janine Rozier,France
Babette de Rozières,France
Sabine Rubin,France
Michèle Rubirola,France
Virginie Ruffenach,France
Anaïs Sabatini,France
Michèle Sabban,France
Maina Sage,France
Laurence Sailliet,France
Laetitia Saint-Paul,France
Françoise de Salvador,France
Michèle San Vicente-Baudrin,France
Nicole Sanquer,France
Isabelle Santiago,France
Nathalie Sarles,France
Marielle de Sarnez,France
Éva Sas,France
Odile Saugues,France
Marlène Schiappa,France
Patricia Schillinger,France
Mireille Schurch,France
Sabrina Sebaihi,France
Nathalie Serre,France
Marie Silin,France
Danielle Simonnet,France
Esther Sittler,France
Valérie Six,France
Ersilia Soudais,France
Violette Spillebout,France
Anne Stambach-Terrenoir,France
Sira Sylla,France
Michèle Tabarot,France
Sophie Taillé-Polian,France
Sarah Taillebois,France
Suzanne Tallard,France
Marie Tamarelle-Verhaeghe,France
Liliane Tanguy,France
Catherine Tasca,France
Christiane Taubira,France
Bénédicte Taurine,France
Jennifer de Temmerman,France
Odette Terrade,France
Lana Tetuanui,France
Eliane Tevahitua,France
Irène Tharin,France
Marie-Noëlle Thémereau,France
Prisca Thevenot,France
Agnès Thill,France
Sabine Thillaye,France
Valérie Thomas,France
Mélanie Thomin,France
Marie-Hélène Thoraval,France
Alice Thourot,France
Huguette Tiegna,France
Sylvie Tolmont,France
Marine Tondelier,France
Marisol Touraine,France
Marie Toussaint,France
Élisabeth Toutut-Picard,France
Laurence Trastour-Isnart,France
Catherine Troendlé,France
Aurélie Trouvé,France
Frédérique Tuffnell,France
Cécile Untermaier,France
Hélène Vainqueur-Christophe,France
Isabelle Valentin,France
Alexandra Valetta-Ardisson,France
Najat Vallaud-Belkacem,France
Laurence Vanceunebrock-Mialon,France
Martine Vassal,France
Isabelle Vasseur,France
Michèle de Vaucouleurs,France
Catherine Vautrin,France
Marie-Christine Verdier-Jouclas,France
Sylvie Vermeillet,France
Béatrice Vernaudon,France
Laurence Vichnievsky,France
Annie Vidal,France
Corinne Vignon,France
Dominique Voynet,France
Emmanuelle Wargon,France
Sylvie Wieviorka,France
Martine Wonner,France
Rama Yade,France
Estelle Youssouffa,France
Hélène Zannier,France
Marie-Jo Zimmermann,France
Souad Zitouni,France
Simone Bagel-Trah,Germany
Ursula Bechtolsheimer-Kipp,Germany
Julia Bösch,Germany
Bianca Claßen,Germany
Antje von Dewitz,Germany
Jeannette zu Fürstenberg,Germany
Milena Glimbovski,Germany
Kerstin Günther,Germany
Susanne Klatten,Germany
Melanie Kreis,Germany
Nicola Leibinger-Kammüller,Germany
Guya Merkle,Germany
Brigitte Mohn,Germany
Aygül Özkan,Germany
Frauke Petry,Germany
Leyla Piedayesh,Germany
Samira Samii,Germany
Jil Sander,Germany
Maria-Elisabeth Schaeffler,Germany
Caroline Scheufele,Germany
Madeleine Schickedanz,Germany
Carola Gräfin von Schmettow,Germany
Alexandra Schörghuber,Germany
Britta Seeger,Germany
Friede Springer,Germany
Regina Stegemann,Germany
Sybill Storz,Germany
Sylvia Ströher,Germany
Özlem Türeci,Germany
Hiltrud Werner,Germany
Cheyenne Westphal,Germany
Lencke Wischhusen,Germany
Bettina Würth,Germany
Sanae Abdi,Germany
Doris Achelwilm,Germany
Brigitte Adler,Germany
Katja Adler,Germany
Renate Adolph,Germany
Stephanie Aeffner,Germany
Gollaleh Ahmadi,Germany
Doris Ahnen,Germany
Ilse Aigner,Germany
Hamide Akbayir,Germany
Gökay Akbulut,Germany
Lale Akgün,Germany
Reem Alabali-Radovan,Germany
Ina Albowitz,Germany
Katrin Albsteiger,Germany
Alexandra Prinzessin von Hannover,Germany
Agnes Alpers,Germany
Irene Alt,Germany
Renata Alt,Germany
Britta Altenkamp,Germany
Luise Amtsberg,Germany
Kathrin Anders,Germany
Kerstin Andreae,Germany
Dagmar Andres,Germany
Gabriele Andretta,Germany
Eva von Angern,Germany
Ingrid Arndt-Brauer,Germany
Ayse Asar,Germany
Christine Aschenberg-Dugnus,Germany
Christel Augenstein,Germany
Sascha Karolin Aulepp,Germany
Azize Tank,Germany
Bela Bach,Germany
Carolin Bachmann,Germany
Lisa Badum,Germany
Heike Baehrens,Germany
Annalena Baerbock,Germany
Bettina Bähr-Losse,Germany
Ulrike Bahr,Germany
Dorothee Bär,Germany
Nezahat Baradari,Germany
Doris Barnett,Germany
Simone Barrientos,Germany
Bärbel Bas,Germany
Sabine Bätzing-Lichtenthäler,Germany
Nicole Bauer,Germany
Christina Baum,Germany
Brigitte Baumeister,Germany
Margarete Bause,Germany
Canan Bayram,Germany
Katharina Beck,Germany
Marieluise Beck,Germany
Lisa Becker,Germany
Cornelia Behm,Germany
Jessica Bießmann,Germany
Veronika Bellmann,Germany
Birgitt Bender,Germany
Silvia Bender,Germany
Sybille Benning,Germany
Rubina Berardo,Germany
Ute Berg,Germany
Sabine Bergmann-Pohl,Germany
Melanie Bernstein,Germany
Heiderose Berroth,Germany
Ute Bertram,Germany
Bärbel Beuermann,Germany
Petra Bierwirth,Germany
Daniela Billig,Germany
Karin Binder,Germany
Katharina Binz,Germany
Renate Blank,Germany
Heidrun Bluhm,Germany
Antje Blumenthal,Germany
Ann-Sophie Bohm-Eisenbrandt,Germany
Maria Böhmer,Germany
Julia Bonk,Germany
Simone Borchardt,Germany
Franziska Brandmann,Germany
Ursula Braun-Moser,Germany
Karolin Braunsberger-Reinhold,Germany
Silvia Breher,Germany
Elke Breitenbach,Germany
Sylvia Bretschneider,Germany
Kristin Brinker,Germany
Charlotte Britz,Germany
Monika Brudlewsky,Germany
Agnieszka Brugger,Germany
Monika Brüning,Germany
Angelika Brunkhorst,Germany
Sandra Bubendorfer-Licht,Germany
Christine Buchholz,Germany
Katrin Budde,Germany
Birke Bull-Bischoff,Germany
Eva Bulling-Schröter,Germany
Edelgard Bulmahn,Germany
Martina Bunge,Germany
Clara Bünger,Germany
Ulla Burchardt,Germany
Astrid-Sabine Busse,Germany
Verena Butalikakis,Germany
Heike Hänsel,Germany
Mariana Harder-Kühnel,Germany
Monika Harms,Germany
Anke Hartnagel,Germany
Ulrike Harzer,Germany
Gerda Hasselfeldt,Germany
Barbara Havliza,Germany
Mechthild Heil,Germany
Frauke Heiligenstadt,Germany
Rosemarie Hein,Germany
Gabriele Heinen-Kljajic,Germany
Monika Heinold,Germany
Gabriela Heinrich,Germany
Sarah-Lee Heinrich,Germany
Kirsten Heisig,Germany
Linda Heitmann,Germany
Katrin Helling-Plahr,Germany
Ursula Helmhold,Germany
Barbara Hendricks (politician),Germany
Kathrin Henneberger,Germany
Susanne Hennig-Wellsow,Germany
Anke Hennig,Germany
Kristina Herbst,Germany
Bettina Herlitzius,Germany
Pierrette Herzberger-Fofana,Germany
Nadine Heselhaus,Germany
Katja Hessel,Germany
Dora Heyenn,Germany
Susanne Hierl,Germany
Angelika Hießerich-Peter,Germany
Regine Hildebrandt,Germany
Nicole Höchst,Germany
Elke Hoff,Germany
Magdalene Hoff,Germany
Bettina Hoffmann (politician),Germany
Inge Höger,Germany
Eva Högl,Germany
Bärbel Höhn,Germany
Franziska Hoppermann,Germany
Jasmina Hostert,Germany
Stefanie Hubig,Germany
Anette Hübinger,Germany
Katja Husen,Germany
Gerrit Huy,Germany
Ulla Ihnen,Germany
Antje Jansen,Germany
Bettina Jarasch,Germany
Ulla Jelpke,Germany
Gyde Jensen,Germany
Sabine Jünger,Germany
Ann-Veruschka Jurisch,Germany
Elisabeth Kaiser,Germany
Dilek Kalayci,Germany
Annkathrin Kammeyer,Germany
Antje Kapek,Germany
Susanna Karawanskij,Germany
Anja Karliczek,Germany
Anna Kassautzki,Germany
Kerstin Kassner,Germany
Gabriele Katzmarek,Germany
Ronja Kemmer,Germany
Katja Keul,Germany
Misbah Khan (politician),Germany
Kaya Kinkel,Germany
Katja Kipping,Germany
Cansel Kiziltepe,Germany
Birgit Klaubert,Germany
Maria Klein-Schmeink,Germany
Ottilie Klein,Germany
Julia Klöckner,Germany
Annika Klose,Germany
Sibyll-Anka Klotz,Germany
Daniela Kluckert,Germany
Heidi Knake-Werner,Germany
Charlotte Knobloch,Germany
Josefine Koebe,Germany
Bärbel Kofler,Germany
Natascha Kohnen,Germany
Daniela Kolbe,Germany
Anne König,Germany
Gabriela König,Germany
Carina Konrad,Germany
Chantal Kopf,Germany
Elvan Korkmaz,Germany
Ina Korter,Germany
Simona Koß,Germany
Sylvia Kotting-Uhl,Germany
Kordula Kovac,Germany
Hannelore Kraft,Germany
Laura Kraft,Germany
Anette Kramme,Germany
Annegret Kramp-Karrenbauer,Germany
Lena Kreck,Germany
Dunja Kreiser,Germany
Jutta Krellmann,Germany
Eva-Maria Kröger,Germany
Agnes Krumwiede,Germany
Bettina Kudla,Germany
Elisabeth Kula,Germany
Renate Künast,Germany
Sabine Kunst,Germany
Sarah Lahrkamp,Germany
Christine Lambrecht,Germany
Katharina Landgraf,Germany
Ricarda Lang,Germany
Simone Lange,Germany
Ina Latendorf,Germany
Silke Launert,Germany
Sibylle Laurischk,Germany
Caren Lay,Germany
Monika Lazar,Germany
Sylvia Lehmann,Germany
Sabine Leidig,Germany
Katja Leikert,Germany
Steffi Lemke,Germany
Vera Lengsfeld,Germany
Marlene Lenz,Germany
Eva Lettenbauer,Germany
Sabine Leutheusser-Schnarrenberger,Germany
Ursula von der Leyen,Germany
Antje Lezius,Germany
Luiza Licina-Bode,Germany
Anja Liebert,Germany
Andrea Lindholz,Germany
Karoline Linnert,Germany
Patricia Lips,Germany
Sylvia Löhrmann,Germany
Eva Lohse,Germany
Denise Loop,Germany
Helga Lopez,Germany
Hiltrud Lotze,Germany
Gesine Lötzsch,Germany
Heidi Lück,Germany
Christine Lucyga,Germany
Cornelia Lüddemann,Germany
Daniela Ludwig,Germany
Saskia Ludwig,Germany
Christa Luft,Germany
Bettina Lugk,Germany
Kirsten Lühmann,Germany
Anna Lührmann,Germany
Gudrun Lukin,Germany
Karin Maag,Germany
Tanja Machalet,Germany
Birgit Malsack-Winkemann,Germany
Gisela Manderla,Germany
Caren Marks,Germany
Zanda Martens,Germany
Dorothee Martin,Germany
Franziska Mascheck,Germany
Katja Mast,Germany
Susanne Menge,Germany
Angela Merkel,Germany
Angelika Mertens,Germany
Dagmar Metzger,Germany
Corinna Miazga,Germany
Swantje Michaelsen,Germany
Kathrin Michel,Germany
Susanne Mittag,Germany
Amira Mohamed Ali,Germany
Cornelia Möhring,Germany
Claudia Moll,Germany
Siemtje Möller,Germany
Elisabeth Motschmann,Germany
Wiebke Muhsal,Germany
Beate Müller-Gemmeke,Germany
Bettina Müller (politician),Germany
Claudia Müller (politician),Germany
Florian Müller (politician),Germany
Karin Mueller,Germany
Michelle Müntefering,Germany
Andrea Nahles,Germany
Sara Nanni,Germany
Rasha Nasr,Germany
Żaklin Nastić,Germany
Luisa Neubauer,Germany
Mona Neubaur,Germany
Laura Neugebauer,Germany
Ophelia Nick,Germany
Christa Nickels,Germany
Petra Nicolaisen,Germany
Ulli Nissen,Germany
Katharina Nocun,Germany
Michaela Noll,Germany
Claudia Nolte,Germany
Kristina Nordt,Germany
Simone Oldenburg,Germany
Helma Orosz,Germany
Josephine Ortleb,Germany
Melanie Oßwald,Germany
Karoline Otte,Germany
Cansu Özdemir,Germany
Aygül Özkan,Germany
Aydan Özoğuz,Germany
Katja Pähle,Germany
Ingrid Pahlmann,Germany
Sylvia Pantel,Germany
Wiebke Papenbrock,Germany
Petra Pau,Germany
Gabriele Pauli,Germany
Rose Pauly (politician),Germany
Lisa Paus,Germany
Natalie Pawlik,Germany
Simone Peter,Germany
Olga Petersen,Germany
Frauke Petry,Germany
Beatrix Philipp,Germany
Paula Piechotta,Germany
Cornelia Pieper,Germany
Yvonne Ploetz,Germany
Filiz Polat,Germany
Birgit Pommer,Germany
Sabine Poschmann,Germany
Kerstin Radomski,Germany
Claudia Raffelhüschen,Germany
Mechthild Rawert,Germany
Lucy Redler,Germany
Anke Rehlinger,Germany
Katherina Reiche,Germany
Heidi Reichinnek,Germany
Carola Reimann,Germany
Anja Reinalter,Germany
Henriette Reker,Germany
Ingrid Remmers,Germany
Margot von Renesse,Germany
Martina Renner,Germany
Ye-One Rhie,Germany
Isolde Ries,Germany
Barbara Rinke,Germany
Hannelore Roedel,Germany
Elke Christina Roeder,Germany
Hannelore Rönsch,Germany
Anne Janssen,Germany
Barbara Lenk (politician),Germany
Jessica Rosenthal,Germany
Claudia Roth,Germany
Petra Roth,Germany
Manuela Rottmann,Germany
Tina Rudolph,Germany
Corinna Rüffer,Germany
Susann Rüthrich,Germany
Sarah Ryglewski,Germany
Krista Sager,Germany
Diana Sartor,Germany
Maike Schaefer,Germany
Anita Schäfer,Germany
Jamila Schäfer,Germany
Rebecca Schamber,Germany
Annette Schavan,Germany
Klara Schedlich,Germany
Gunnar Schellenberger,Germany
Marion Schick,Germany
Marianne Schieder,Germany
Ulrike Schielke-Ziesing,Germany
Peggy Schierenbeck,Germany
Jana Schimke,Germany
Dagmar Schipanski,Germany
Ursula Schleicher,Germany
Katrin Schmidberger,Germany
Gabi Schmidt,Germany
Mirjam Schmidt,Germany
Renate Schmidt,Germany
Ulla Schmidt,Germany
Claudia Schmidtke,Germany
Daniela Schmitt,Germany
Julia Schneider,Germany
Charlotte Schneidewind-Hartnagel,Germany
Marlene Schönberger,Germany
Nadine Schön,Germany
Julia Schramm,Germany
Eva Schreiber,Germany
Michaele Schreyer,Germany
Kristina Schröder,Germany
Ria Schröder,Germany
Christina-Johanne Schröder,Germany
Katina Schubert,Germany
Helga Schuchardt,Germany
Ursula Schulte,Germany
Kordula Schulz-Asche,Germany
Anja Schulz,Germany
Katharina Schulze,Germany
Svenja Schulze,Germany
Marina Schuster,Germany
Rita Schwarzelühr-Sutter,Germany
Manuela Schwesig,Germany
Cornelia Seibeld,Germany
Lina Seitzl,Germany
Melis Sekmen,Germany
Anja Siegesmund,Germany
Heide Simonis,Germany
Petra Sitte,Germany
Judith Skudelny,Germany
Evrim Sommer,Germany
Sarah Sorge,Germany
Anne-Monika Spallek,Germany
Barbara Spaniol,Germany
Merle Spellerberg,Germany
Anne Spiegel,Germany
Anke Spoorendonk,Germany
Iris Spranger,Germany
Svenja Stadler,Germany
Grietje Staffelt,Germany
Katrin Staffler,Germany
Nina Stahr,Germany
Martina Stamm-Fibich,Germany
Barbara Stamm,Germany
Claudia Stamm,Germany
Karola Stange,Germany
Bettina Stark-Watzinger,Germany
Miriam Staudte,Germany
Sonja Steffen,Germany
Erika Steinbach,Germany
Eva Steininger-Bludau,Germany
Kersten Steinke,Germany
Hanna Steinmüller,Germany
Nadja Sthamer,Germany
Diana Stöcker,Germany
Silke Stokar von Neuforn,Germany
Monika Stolz,Germany
Marie-Agnes Strack-Zimmermann,Germany
Karin Strenz,Germany
Gisela Stuart,Germany
Christina Stumpp,Germany
Margit Stumpp,Germany
Katja Suding,Germany
Rita Süssmuth,Germany
Sabine Sütterlin-Waack,Germany
Anita Tack,Germany
Kerstin Tack,Germany
Kirsten Tackmann,Germany
Jessica Tatti,Germany
Claudia Tausend,Germany
Silke Tesch,Germany
Awet Tesfaiesus,Germany
Dietlind Tiemann,Germany
Antje Tillmann,Germany
Aminata Touré (German politician),Germany
Ana-Maria Trăsnea,Germany
Elke Twesten,Germany
Johanna Uekermann,Germany
Katrin Uhlig,Germany
Julia Verlinden,Germany
Kerstin Vieregge,Germany
Kathrin Vogler,Germany
Kristina Vogt,Germany
Ute Vogt,Germany
Marja-Liisa Völlers,Germany
Antje Vollmer,Germany
Angelika Volquartz,Germany
Katharina von Schnurbein,Germany
Anna-Elisabeth von Treuenfels-Frowein,Germany
Emily Vontz,Germany
Andrea Voßhoff,Germany
Sahra Wagenknecht,Germany
Daniela Wagner,Germany
Doris Wagner (Bundestag),Germany
Ruth Wagner,Germany
Beate Walter-Rosenheimer,Germany
Johanna Wanka,Germany
Nina Warken,Germany
Halina Wawzyniak,Germany
Gabi Weber,Germany
Sandra Weeser,Germany
Melanie Wegling,Germany
Christel Wegner,Germany
Alice Weidel,Germany
Petra Weis,Germany
Sabine Weiss (politician),Germany
Karin von Welck,Germany
Heike Wermer,Germany
Katrin Werner,Germany
Nicole Westig,Germany
Bernadette Weyland,Germany
Annette Widmann-Mauz,Germany
Heidemarie Wieczorek-Zeul,Germany
Irina von Wiese,Germany
Bettina Wiesmann,Germany
Cornelia Willius-Senzer,Germany
Katharina Willkomm,Germany
Elisabeth Winkelmeier-Becker,Germany
Tina Winklmann,Germany
Claudia Winterstein,Germany
Lencke Wischhusen,Germany
Janine Wissler,Germany
Mechthilde Wittmann,Germany
Dagmar Wöhrl,Germany
Karin Wolff,Germany
Barbara Woltmann,Germany
Monika Wulf-Mathies,Germany
Elke Wülfing,Germany
Andrea Ypsilanti,Germany
Uta Zapf,Germany
Helga Zepp-LaRouche,Germany
Emmi Zeulner,Germany
Dagmar Ziegler,Germany
Pia Zimmermann,Germany
Sabine Zimmermann (politician),Germany
Gudrun Zollner,Germany
Katrin Zschau,Germany
Brigitte Zypries,Germany
Marlies Amann-Marxer,Lienchshtein
Gisela Biedermann,Lienchshtein
Susanne Eberle-Strub,Lienchshtein
Katrin Eggenberger,Lienchshtein
Aurelia Frick,Lienchshtein
Manuela Haldner-Schierscher,Lienchshtein
Dominique Hasler,Lienchshtein
Rita Kieber-Beck,Lienchshtein
Graziella Marok-Wachter,Lienchshtein
Gunilla Marxer-Kranz,Lienchshtein
Sabine Monauni,Lienchshtein
Bettina Petzold-Mähr,Lienchshtein
Andrea Willi,Lienchshtein
Christine Wohlwend,Lienchshtein
Diane Adehm,Luxembourg
Barbara Agostino,Luxembourg
Semiray Ahmedova,Luxembourg
Sylvie Andrich-Duval,Luxembourg
Simone Asselborn-Bintz,Luxembourg
Yuriko Backes,Luxembourg
Djuna Bernard,Luxembourg
Taina Bofferding,Luxembourg
Anne Brasseur,Luxembourg
Corinne Cahen,Luxembourg
Carole Dieschbourg,Luxembourg
Christine Doerner,Luxembourg
Joëlle Elvinger,Luxembourg
Stéphanie Empain,Luxembourg
Lydie Err,Luxembourg
Marie-Thérèse Gantenbein-Koullen,Luxembourg
Marie-Josée Jacobs,Luxembourg
Martine Kemp,Luxembourg
Josée Lorsché,Luxembourg
Elisabeth Margue,Luxembourg
Octavie Modert,Luxembourg
Stéphanie Obertin,Luxembourg
Viviane Reding,Luxembourg
Martine Reicherts,Luxembourg
Renée Wagener,Luxembourg
Eliana Benador,Switzerland
Barbara Berlusconi,Switzerland
Martine Clozel,Switzerland
Ruth Guler,Switzerland
Nayla Hayek,Switzerland
Stefanie Heimgartner,Switzerland
Carole Hübscher,Switzerland
Gardi Hutter,Switzerland
Mirjam Indermaur,Switzerland
Dominique Lévy,Switzerland
Margarita Louis-Dreyfus,Switzerland
Min Li Marti,Switzerland
Cornelia Meyer,Switzerland
Vera Michalski,Switzerland
Princess Nina of Greece and Denmark,Switzerland
Barbara Polla,Switzerland
Bettina Schaller,Switzerland
Nadja Sieger,Switzerland
Beatrice Weder di Mauro,Switzerland
Françoise Wilhelmi de Toledo,Switzerland
Bettina Würth,Switzerland
Esther Alder,Switzerland
Evi Allemann,Switzerland
Cesla Amarelle,Switzerland
Céline Amaudruz,Switzerland
Viola Amherd,Switzerland
Sibel Arslan,Switzerland
Marlies Bänziger,Switzerland
Marie Barbey-Chappuis,Switzerland
Élisabeth Baume-Schneider,Switzerland
Judith Bellaiche,Switzerland
Kathrin Bertschy,Switzerland
Martina Bircher,Switzerland
Violaine Blétry-de Montmollin,Switzerland
Florence Brenzikofer,Switzerland
Christiane Brunner,Switzerland
Martine Brunschwig Graf,Switzerland
Elise Buckle,Switzerland
Nelly Buntschu,Switzerland
Micheline Calmy-Rey,Switzerland
Corina Casanova,Switzerland
Liliane Chappuis,Switzerland
Élisabeth Decrey Warner,Switzerland
Verena Diener,Switzerland
Ruth Dreifuss,Switzerland
Christine Egerszegi,Switzerland
Yvette Estermann,Switzerland
Ylfete Fanaj,Switzerland
Jacqueline Fehr,Switzerland
Yvonne Feri,Switzerland
Anita Fetz,Switzerland
Doris Fiala,Switzerland
Sylvia Flückiger-Bäni,Switzerland
Erika Forster-Vannini,Switzerland
Esther Friedli,Switzerland
Cornelia Füeg,Switzerland
Tamara Funiciello,Switzerland
Chantal Galladé,Switzerland
Johanna Gapany,Switzerland
Andrea Geissbühler,Switzerland
Ruth Genner,Switzerland
Yvonne Gilli,Switzerland
Fina Girard,Switzerland
Andrea Gmür-Schönenberger,Switzerland
Nadine Gobet,Switzerland
Maya Graf,Switzerland
Diana Gutjahr,Switzerland
Josy Gyr-Steiner,Switzerland
Brigitte Häberli-Koller,Switzerland
Trix Heberlein,Switzerland
Stefanie Heimgartner,Switzerland
Verena Herzog,Switzerland
Annemarie Huber-Hotz,Switzerland
Marianne Huguenin,Switzerland
Ruth Humbel,Switzerland
Jasmin Hutter,Switzerland
Francine John-Calame,Switzerland
Barbara Marty Kälin,Switzerland
Irène Kälin,Switzerland
Katja Riem,Switzerland
Karin Keller-Sutter,Switzerland
Ursula Koch,Switzerland
Livia Leu Agosti,Switzerland
Susanne Leutenegger Oberholzer,Switzerland
Doris Leuthard,Switzerland
Ruth Lüthi,Switzerland
Brenda Mäder,Switzerland
Christa Markwalder,Switzerland
Martha Niquille,Switzerland
Min Li Marti,Switzerland
Samira Marti,Switzerland
Magdalena Martullo-Blocher,Switzerland
Nadine Masshardt,Switzerland
Corine Mauch,Switzerland
Liliane Maury Pasquier,Switzerland
Lisa Mazzone,Switzerland
Josi Meier,Switzerland
Ruth Metzler,Switzerland
Mattea Meyer,Switzerland
Thérèse Meyer,Switzerland
Monika Rüegger,Switzerland
Simone de Montmollin,Switzerland
Tiana Angelina Moser,Switzerland
Hanna Muralt Müller,Switzerland
Lucia Näfen-Zehnder,Switzerland
Margret Kiener Nellen,Switzerland
Gisèle Ory,Switzerland
Nadja Pieren,Switzerland
Barbara Polla,Switzerland
Katharina Prelicz-Huber,Switzerland
Estelle Revaz,Switzerland
Natalie Rickli,Switzerland
Maja Riniker,Switzerland
Maria Roth-Bernasconi,Switzerland
Regula Rytz,Switzerland
Sandrine Salerno,Switzerland
Françoise Saudan,Switzerland
Regine Sauter,Switzerland
Silvia Schenker,Switzerland
Therese Schläpfer,Switzerland
Marionna Schlatter,Switzerland
Elisabeth Schneider-Schneiter,Switzerland
Chiara Simoneschi-Cortesi,Switzerland
Simonetta Sommaruga,Switzerland
Barbara Steinemann,Switzerland
Marianne Streiff-Feller,Switzerland
Lilian Studer,Switzerland
Gabriela Suter,Switzerland
Adèle Thorens Goumaz,Switzerland
Lilian Uchtenhagen,Switzerland
Ursula Schneider Schüttel,Switzerland
Flavia Wasserfallen,Switzerland
Eveline Widmer-Schlumpf,Switzerland
Brigit Wyss,Switzerland
Sarah Wyss,Switzerland
Ursula Wyss,Switzerland
Karen Aliprendi,Monaco 
Nathalie Amoratti-Blanc,Monaco 
Corinne Bertani,Monaco 
Brigitte Boccone-Pagès,Monaco 
Michèle Dittlot,Monaco 
Béatrice Fresko-Rolfo,Monaco 
Marie-Noëlle Gibelli,Monaco 
Marine Grisoul,Monaco 
Nicole Manzone-Saquet,Monaco 
Roxane Noat-Notari,Monaco 
Caroline Rougaignon-Vernin,Monaco 
Karin Adelmund,Netherlands
Lies van Aelst,Netherlands
Fleur Agema,Netherlands
Eva Akerboom,Netherlands
Nebahat Albayrak,Netherlands
Charetti America-Francisca,Netherlands
Agnes van Ardenne,Netherlands
Khadija Arib,Netherlands
Tamara van Ark,Netherlands
Amma Asante (politician),Netherlands
Naïma Azough,Netherlands
Martine Baay-Timmerman,Netherlands
Bente Becker,Netherlands
Sandra Beckerman,Netherlands
Ybeltje Berckmoes-Duindam,Netherlands
Joba van den Berg,Netherlands
Vera Bergkamp,Netherlands
Magda Berndsen,Netherlands
Marijke van Beukering,Netherlands
Ilse Bezaan,Netherlands
Yvonne Bijenhof,Netherlands
Ank Bijleveld,Netherlands
Philomena Bijlhout,Netherlands
Marja van Bijsterveldt,Netherlands
Mirjam Bikker,Netherlands
Elly Blanksma-van den Heuvel,Netherlands
Betty de Boer,Netherlands
Désirée Bonis,Netherlands
Elise Boot,Netherlands
Els Borst,Netherlands
Kauthar Bouchallikht,Netherlands
Lea Bouwmeester,Netherlands
Corrie van Brenk,Netherlands
Carline van Breugel,Netherlands
Ankie Broekers-Knol,Netherlands
Laura Bromet,Netherlands
Hanke Bruins Slot,Netherlands
Faith Bruyning,Netherlands
Brigitte van der Burg,Netherlands
Jet Bussemaker,Netherlands
Ingrid de Caluwé,Netherlands
Suzanne Camelia-Römer,Netherlands
Yasemin Cegerek,Netherlands
Glimina Chakor,Netherlands
Jacqueline Cramer,Netherlands
Hind Dekker-Abdulaziz,Netherlands
Sybilla Dekker,Netherlands
Ineke Dezentjé Hamming-Bluemink,Netherlands
Irene Dick,Netherlands
Inge van Dijk,Netherlands
Sharon Dijksma,Netherlands
Pia Dijkstra,Netherlands
Carla Dik-Faber,Netherlands
Sjoera Dikkers,Netherlands
Isabelle Diks,Netherlands
Willie Dille,Netherlands
Sarah Dobbe,Netherlands
Wendy van Eijk,Netherlands
Angelien Eijsink,Netherlands
Corinne Ellemeet,Netherlands
Ingrid van Engelshoven,Netherlands
Eva van Esch,Netherlands
Kathleen Ferrier (politician),Netherlands
Karien van Gennip,Netherlands
Ineke van Gent,Netherlands
Lucille George-Wout,Netherlands
Karen Gerbrands,Netherlands
Sharon Gesthuizen,Netherlands
Rosita van Gijlswijk,Netherlands
Lisa van Ginneken,Netherlands
Stieneke van der Graaf,Netherlands
Fleur Gräper,Netherlands
Laetitia Griffith,Netherlands
Melissa Gumbs,Netherlands
Sultan Günal-Gezer,Netherlands
Nilüfer Gündoğan,Netherlands
Liane den Haan,Netherlands
Wassila Hachchi,Netherlands
Kiki Hagen,Netherlands
Femke Halsema,Netherlands
Mariëtte Hamer,Netherlands
Vivianne Heijnen,Netherlands
Conny Helder,Netherlands
Lilian Helder,Netherlands
Eveline Herfkens,Netherlands
Sophie Hermans,Netherlands
Rosanne Hertzberger,Netherlands
Grisha Heyliger-Marten,Netherlands
Jacqueline van den Hil,Netherlands
Myrthe Hilkens,Netherlands
Daniëlle Hirsch,Netherlands
Maria van der Hoeven,Netherlands
Guusje ter Horst,Netherlands
Alexandra van Huffelen,Netherlands
Tineke Huizinga,Netherlands
Kirsten van den Hul,Netherlands
Lutz Jacobi,Netherlands
Silveria Jacobs,Netherlands
Tanja Jadnanansing,Netherlands
Lilian Janse,Netherlands
Daniëlle Jansen,Netherlands
Winny de Jong,Netherlands
Emily de Jongh-Elhage,Netherlands
Annemarie Jorritsma,Netherlands
Agnes Joseph,Netherlands
Sigrid Kaag,Netherlands
Marian Kaljouw,Netherlands
Roelien Kamminga,Netherlands
Agnes Kant,Netherlands
Sadet Karabulut,Netherlands
Hülya Kat,Netherlands
Barbara Kathmann,Netherlands
Mona Keijzer,Netherlands
Simone Kennedy (politician),Netherlands
Simone Kerseboom,Netherlands
Reinette Klever,Netherlands
Jetta Klijnsma,Netherlands
Marieke Koekkoek,Netherlands
Monique Koeyers-Felida,Netherlands
Nine Kooiman,Netherlands
Femke Merel van Kooten,Netherlands
Fatma Koşer Kaya,Netherlands
Margot Kraneveldt,Netherlands
Mirjam Krijnen,Netherlands
Neelie Kroes,Netherlands
Suzanne Kröger,Netherlands
Anne Kuik,Netherlands
Attje Kuiken,Netherlands
Antoinette Laan-Geselschap,Netherlands
Jeanet van der Laan,Netherlands
Ilona Lagas,Netherlands
Flora Lagerwerf-Vergunst,Netherlands
Esmah Lahlah,Netherlands
Renske Leijten,Netherlands
Helma Lodders,Netherlands
Janneke Louisa,Netherlands
Anne-Wil Lucas,Netherlands
Loekie van Maaren-van Balen,Netherlands
Senna Maatoug,Netherlands
Marit Maij,Netherlands
Lilianne Marijnissen,Netherlands
Leona Marlin-Romeo,Netherlands
Claire Martens,Netherlands
Ingrid Michon,Netherlands
Anouchka van Miltenburg,Netherlands
Agnes Mulder,Netherlands
Songül Mutluer,Netherlands
Annabel Nanninga,Netherlands
Helma Neppérus,Netherlands
Tineke Netelenbos,Netherlands
Jeltje van Nieuwenhoven,Netherlands
Jeanet Nijhof-Leeuw,Netherlands
Kajsa Ollongren,Netherlands
Astrid Oosenbrug,Netherlands
Cynthia Ortega,Netherlands
Gonny van Oudenallen,Netherlands
Esther Ouwehand,Netherlands
Hilde Palland,Netherlands
Sandra Palmen,Netherlands
Marleen de Pater-van der Meer,Netherlands
Mariëtte Patijn,Netherlands
Mariëlle Paul,Netherlands
Wieke Paulusma,Netherlands
Annemarie Penn-te Strake,Netherlands
Gaby Perin-Gopie,Netherlands
Anita Pijpelink,Netherlands
Caroline van der Plas,Netherlands
Lilianne Ploumen,Netherlands
Adèle van der Pluijm-Vrede,Netherlands
Anne-Marijke Podt,Netherlands
Elisabeth Post,Netherlands
Wytske Postma,Netherlands
Nicki Pouw-Verweij,Netherlands
Queeny Rajkowski,Netherlands
Kelly Regterschot,Netherlands
Simone Richardson,Netherlands
Ilana Rooderkerk,Netherlands
Yvonne van Rooy,Netherlands
Fonda Sahla,Netherlands
Jolande Sap,Netherlands
Léonie Sazias,Netherlands
Afke Schaart,Netherlands
Edith Schippers,Netherlands
Elizabeth Schmitz,Netherlands
Carola Schouten,Netherlands
Melanie Maas Geesteranus,Netherlands
Anoushka Schut-Welkzijn,Netherlands
Tjitske Siderius,Netherlands
Sylvana Simons,Netherlands
Elke Slagt-Tichelman,Netherlands
Merlien Welzijn,Netherlands
Pauline Smeets,Netherlands
Margreeth Smilde,Netherlands
Manja Smits,Netherlands
Janneke Snijder-Hazelhoff,Netherlands
Winnie Sorgdrager,Netherlands
Anne-Marie Spierings,Netherlands
Liesbeth Spies,Netherlands
Mirjam Sterk,Netherlands
Petra Stienen,Netherlands
Charlene de Carvalho-Heineken,Netherlands
Jalila Essaïdi,Netherlands
Felienne Hermans,Netherlands
Marga Hoek,Netherlands
Maria van der Hoeven,Netherlands
Tineke Huizinga,Netherlands
Annemarie Jorritsma,Netherlands
Neelie Kroes,Netherlands
Loiza Lamers,Netherlands
Mariska Majoor,Netherlands
Yvonne van Rooy,Netherlands
Edith Schippers,Netherlands
Eegje Schoo,Netherlands
Melanie Maas Geesteranus,Netherlands
Julia Skupchenko,Netherlands
Marina Tognetti,Netherlands
Rita Verdonk,Netherlands
Princess Viktória de Bourbon de Parme,Netherlands